-- Adminer 4.6.2 MySQL dump

SET NAMES utf8;
SET time_zone = '+00:00';
SET foreign_key_checks = 0;
SET sql_mode = 'NO_AUTO_VALUE_ON_ZERO';
SET NAMES utf8mb4;

CREATE TABLE `access_log` ( `id` varchar(36) NOT NULL, `type` enum('web', 'api') NOT NULL, `user_id` int(11) DEFAULT NULL, `username` varchar(100) DEFAULT NULL, `role` varchar(100) DEFAULT NULL, `path` varchar(140) NOT NULL, `request` text NOT NULL, `response` text NOT NULL, `method` varchar(15) NOT NULL, `ip` varchar(45) NOT NULL, `created_at` timestamp NULL DEFAULT NULL, PRIMARY KEY (`id`) ) ENGINE = InnoDB DEFAULT CHARSET = utf8mb4;

CREATE TABLE `action` ( `id` int(11) NOT NULL AUTO_INCREMENT, `controller_id` varchar(50) NOT NULL, `action_id` varchar(50) NOT NULL, `name` varchar(50) NOT NULL, PRIMARY KEY (`id`) ) ENGINE = InnoDB DEFAULT CHARSET = latin1;
INSERT INTO `action` (`id`, `controller_id`, `action_id`, `name`) VALUES (12, 'site', 'index', 'Index'), (13, 'site', 'profile', 'Profile'), (14, 'site', 'login', 'Login'), (15, 'site', 'logout', 'Logout'), (16, 'site', 'contact', 'Contact'), (17, 'site', 'about', 'About'), (18, 'menu', 'index', 'Index'), (19, 'menu', 'view', 'View'), (20, 'menu', 'create', 'Create'), (21, 'menu', 'update', 'Update'), (22, 'menu', 'delete', 'Delete'), (23, 'role', 'index', 'Index'), (24, 'role', 'view', 'View'), (25, 'role', 'create', 'Create'), (26, 'role', 'update', 'Update'), (27, 'role', 'delete', 'Delete'), (28, 'role', 'detail', 'Detail'), (29, 'user', 'index', 'Index'), (30, 'user', 'view', 'View'), (31, 'user', 'create', 'Create'), (32, 'user', 'update', 'Update'), (33, 'user', 'delete', 'Delete'), (34, 'site', 'register', 'Register'), (35, 'menu', 'save', 'Save'), (36, 'backend/web-config-group', 'index', 'Index'), (37, 'backend/web-config-group', 'create', 'Create'), (38, 'backend/web-config-group', 'update', 'Update'), (39, 'backend/web-config-group', 'delete', 'Delete'), (40, 'backend/web-config-group', 'view', 'View'), (41, 'default', 'index', 'Index'), (42, 'default', 'view', 'View'), (43, 'default', 'delete', 'Delete'), (44, 'web-config-group', 'index', 'Index'), (45, 'web-config-group', 'create', 'Create'), (46, 'web-config-group', 'update', 'Update'), (47, 'web-config-group', 'delete', 'Delete'), (48, 'web-config-group', 'view', 'View'), (49, 'web-config', 'index', 'Index'), (50, 'web-config', 'view', 'View'), (51, 'web-config', 'create', 'Create'), (52, 'web-config', 'update', 'Update'), (53, 'web-config', 'delete', 'Delete'), (54, 'message', 'index', 'Index'), (55, 'message', 'view', 'View'), (56, 'message', 'create', 'Create'), (57, 'message', 'update', 'Update'), (58, 'message', 'delete', 'Delete'), (59, 'log', 'index', 'Index'), (60, 'log', 'view', 'View'), (61, 'log', 'create', 'Create'), (62, 'log', 'update', 'Update'), (63, 'log', 'delete', 'Delete'), (64, 'notification', 'index', 'Index'), (65, 'notification', 'view', 'View'), (66, 'notification', 'create', 'Create'), (67, 'notification', 'update', 'Update'), (68, 'notification', 'delete', 'Delete'), (69, 'android-menu-kategori', 'index', 'Index'), (70, 'android-menu-kategori', 'view', 'View'), (71, 'android-menu-kategori', 'create', 'Create'), (72, 'android-menu-kategori', 'update', 'Update'), (73, 'android-menu-kategori', 'delete', 'Delete'), (74, 'android-menu', 'index', 'Index'), (75, 'android-menu', 'view', 'View'), (76, 'android-menu', 'create', 'Create'), (77, 'android-menu', 'update', 'Update'), (78, 'android-menu', 'delete', 'Delete'), (79, 'android-route', 'index', 'Index'), (80, 'android-route', 'view', 'View'), (81, 'android-route', 'create', 'Create'), (82, 'android-route', 'update', 'Update'), (83, 'android-route', 'delete', 'Delete'), (84, 'android-banner-kategori', 'index', 'Index'), (85, 'android-banner-kategori', 'view', 'View'), (86, 'android-banner-kategori', 'create', 'Create'), (87, 'android-banner-kategori', 'update', 'Update'), (88, 'android-banner-kategori', 'delete', 'Delete'), (89, 'android-banner', 'index', 'Index'), (90, 'android-banner', 'view', 'View'), (91, 'android-banner', 'create', 'Create'), (92, 'android-banner', 'update', 'Update'), (93, 'android-banner', 'delete', 'Delete'), (94, 'android-banner', 'get-parameter', 'Get Parameter'), (95, 'kategori', 'index', 'Index'), (96, 'kategori', 'view', 'View'), (97, 'kategori', 'create', 'Create'), (98, 'kategori', 'update', 'Update'), (99, 'kategori', 'delete', 'Delete'), (100, 'post', 'index', 'Index'), (101, 'post', 'view', 'View'), (102, 'post', 'create', 'Create'), (103, 'post', 'update', 'Update'), (104, 'post', 'delete', 'Delete'), (105, 'kategori', 'selectize', 'Selectize'), (106, 'message', 'save', 'Save');

CREATE TABLE `android_banner` ( `id` varchar(36) NOT NULL, `id_kategori` varchar(36) NOT NULL, `id_route` varchar(36) NOT NULL, `gambar` varchar(150) NOT NULL, `judul` varchar(200) DEFAULT NULL, `deskripsi` text, `params` text, `order` int(11) NOT NULL DEFAULT '1', PRIMARY KEY (`id`), KEY `id_kategori` (`id_kategori`), KEY `id_route` (`id_route`), CONSTRAINT `android_banner_ibfk_2` FOREIGN KEY (`id_kategori`) REFERENCES `android_banner_kategori` (`id`), CONSTRAINT `android_banner_ibfk_3` FOREIGN KEY (`id_route`) REFERENCES `android_route` (`id`) ) ENGINE = InnoDB DEFAULT CHARSET = utf8mb4;
INSERT INTO `android_banner` (`id`, `id_kategori`, `id_route`, `gambar`, `judul`, `deskripsi`, `params`, `order`) VALUES ('81a12ed0-acd9-11ec-bddd-f45c8997f09f', '7fa6a25f-6a05-35a7-bbca-b6687512bed9', 'f332229b-0edc-3b86-b8de-a8dc2a87e2fd', 'anddroid/banner/20220325_b522e0d2339697f48193d67f54f375bc03198d64.jpeg', 'Profile', 'Coba Deskripsi', '{\"id\":\"1\",\"coba\":\"32\",\"1\":\"0\"}', 1), ('85c83274-acd9-11ec-bddd-f45c8997f09f', '7fa6a25f-6a05-35a7-bbca-b6687512bed9', 'f332229b-0edc-3b86-b8de-a8dc2a87e2fd', 'anddroid/banner/20220325_b522e0d2339697f48193d67f54f375bc03198d64.jpeg', 'Profile', 'Coba Deskripsi', '{\"id\":\"1\",\"coba\":\"32\",\"1\":\"0\"}', 1), ('85c83418-acd9-11ec-bddd-f45c8997f09f', '7fa6a25f-6a05-35a7-bbca-b6687512bed9', 'f332229b-0edc-3b86-b8de-a8dc2a87e2fd', 'anddroid/banner/20220325_b522e0d2339697f48193d67f54f375bc03198d64.jpeg', 'Profile', 'Coba Deskripsi', '{\"id\":\"1\",\"coba\":\"32\",\"1\":\"0\"}', 1), ('8c58482c-acd9-11ec-bddd-f45c8997f09f', '7fa6a25f-6a05-35a7-bbca-b6687512bed9', 'f332229b-0edc-3b86-b8de-a8dc2a87e2fd', 'anddroid/banner/20220325_b522e0d2339697f48193d67f54f375bc03198d64.jpeg', 'Profile', 'Coba Deskripsi', '{\"id\":\"1\",\"coba\":\"32\",\"1\":\"0\"}', 1), ('8c584962-acd9-11ec-bddd-f45c8997f09f', '7fa6a25f-6a05-35a7-bbca-b6687512bed9', 'f332229b-0edc-3b86-b8de-a8dc2a87e2fd', 'anddroid/banner/20220325_b522e0d2339697f48193d67f54f375bc03198d64.jpeg', 'Profile', 'Coba Deskripsi', '{\"id\":\"1\",\"coba\":\"32\",\"1\":\"0\"}', 1), ('8c584994-acd9-11ec-bddd-f45c8997f09f', '7fa6a25f-6a05-35a7-bbca-b6687512bed9', 'f332229b-0edc-3b86-b8de-a8dc2a87e2fd', 'anddroid/banner/20220325_b522e0d2339697f48193d67f54f375bc03198d64.jpeg', 'Profile', 'Coba Deskripsi', '{\"id\":\"1\",\"coba\":\"32\",\"1\":\"0\"}', 1), ('8c5849b2-acd9-11ec-bddd-f45c8997f09f', '7fa6a25f-6a05-35a7-bbca-b6687512bed9', 'f332229b-0edc-3b86-b8de-a8dc2a87e2fd', 'anddroid/banner/20220325_b522e0d2339697f48193d67f54f375bc03198d64.jpeg', 'Profile', 'Coba Deskripsi', '{\"id\":\"1\",\"coba\":\"32\",\"1\":\"0\"}', 1), ('91124516-acd9-11ec-bddd-f45c8997f09f', '7fa6a25f-6a05-35a7-bbca-b6687512bed9', 'f332229b-0edc-3b86-b8de-a8dc2a87e2fd', 'anddroid/banner/20220325_b522e0d2339697f48193d67f54f375bc03198d64.jpeg', 'Profile', 'Coba Deskripsi', '{\"id\":\"1\",\"coba\":\"32\",\"1\":\"0\"}', 1), ('91124624-acd9-11ec-bddd-f45c8997f09f', '7fa6a25f-6a05-35a7-bbca-b6687512bed9', 'f332229b-0edc-3b86-b8de-a8dc2a87e2fd', 'anddroid/banner/20220325_b522e0d2339697f48193d67f54f375bc03198d64.jpeg', 'Profile', 'Coba Deskripsi', '{\"id\":\"1\",\"coba\":\"32\",\"1\":\"0\"}', 1), ('91124656-acd9-11ec-bddd-f45c8997f09f', '7fa6a25f-6a05-35a7-bbca-b6687512bed9', 'f332229b-0edc-3b86-b8de-a8dc2a87e2fd', 'anddroid/banner/20220325_b522e0d2339697f48193d67f54f375bc03198d64.jpeg', 'Profile', 'Coba Deskripsi', '{\"id\":\"1\",\"coba\":\"32\",\"1\":\"0\"}', 1), ('91124674-acd9-11ec-bddd-f45c8997f09f', '7fa6a25f-6a05-35a7-bbca-b6687512bed9', 'f332229b-0edc-3b86-b8de-a8dc2a87e2fd', 'anddroid/banner/20220325_b522e0d2339697f48193d67f54f375bc03198d64.jpeg', 'Profile', 'Coba Deskripsi', '{\"id\":\"1\",\"coba\":\"32\",\"1\":\"0\"}', 1), ('91124692-acd9-11ec-bddd-f45c8997f09f', '7fa6a25f-6a05-35a7-bbca-b6687512bed9', 'f332229b-0edc-3b86-b8de-a8dc2a87e2fd', 'anddroid/banner/20220325_b522e0d2339697f48193d67f54f375bc03198d64.jpeg', 'Profile', 'Coba Deskripsi', '{\"id\":\"1\",\"coba\":\"32\",\"1\":\"0\"}', 1), ('911246b0-acd9-11ec-bddd-f45c8997f09f', '7fa6a25f-6a05-35a7-bbca-b6687512bed9', 'f332229b-0edc-3b86-b8de-a8dc2a87e2fd', 'anddroid/banner/20220325_b522e0d2339697f48193d67f54f375bc03198d64.jpeg', 'Profile', 'Coba Deskripsi', '{\"id\":\"1\",\"coba\":\"32\",\"1\":\"0\"}', 1), ('911246ce-acd9-11ec-bddd-f45c8997f09f', '7fa6a25f-6a05-35a7-bbca-b6687512bed9', 'f332229b-0edc-3b86-b8de-a8dc2a87e2fd', 'anddroid/banner/20220325_b522e0d2339697f48193d67f54f375bc03198d64.jpeg', 'Profile', 'Coba Deskripsi', '{\"id\":\"1\",\"coba\":\"32\",\"1\":\"0\"}', 1), ('911246ec-acd9-11ec-bddd-f45c8997f09f', '7fa6a25f-6a05-35a7-bbca-b6687512bed9', 'f332229b-0edc-3b86-b8de-a8dc2a87e2fd', 'anddroid/banner/20220325_b522e0d2339697f48193d67f54f375bc03198d64.jpeg', 'Profile', 'Coba Deskripsi', '{\"id\":\"1\",\"coba\":\"32\",\"1\":\"0\"}', 1), ('94ca4d16-acd9-11ec-bddd-f45c8997f09f', '7fa6a25f-6a05-35a7-bbca-b6687512bed9', 'f332229b-0edc-3b86-b8de-a8dc2a87e2fd', 'anddroid/banner/20220325_b522e0d2339697f48193d67f54f375bc03198d64.jpeg', 'Profile', 'Coba Deskripsi', '{\"id\":\"1\",\"coba\":\"32\",\"1\":\"0\"}', 1), ('94ca4e10-acd9-11ec-bddd-f45c8997f09f', '7fa6a25f-6a05-35a7-bbca-b6687512bed9', 'f332229b-0edc-3b86-b8de-a8dc2a87e2fd', 'anddroid/banner/20220325_b522e0d2339697f48193d67f54f375bc03198d64.jpeg', 'Profile', 'Coba Deskripsi', '{\"id\":\"1\",\"coba\":\"32\",\"1\":\"0\"}', 1), ('94ca4e42-acd9-11ec-bddd-f45c8997f09f', '7fa6a25f-6a05-35a7-bbca-b6687512bed9', 'f332229b-0edc-3b86-b8de-a8dc2a87e2fd', 'anddroid/banner/20220325_b522e0d2339697f48193d67f54f375bc03198d64.jpeg', 'Profile', 'Coba Deskripsi', '{\"id\":\"1\",\"coba\":\"32\",\"1\":\"0\"}', 1), ('94ca4e60-acd9-11ec-bddd-f45c8997f09f', '7fa6a25f-6a05-35a7-bbca-b6687512bed9', 'f332229b-0edc-3b86-b8de-a8dc2a87e2fd', 'anddroid/banner/20220325_b522e0d2339697f48193d67f54f375bc03198d64.jpeg', 'Profile', 'Coba Deskripsi', '{\"id\":\"1\",\"coba\":\"32\",\"1\":\"0\"}', 1), ('94ca4e7e-acd9-11ec-bddd-f45c8997f09f', '7fa6a25f-6a05-35a7-bbca-b6687512bed9', 'f332229b-0edc-3b86-b8de-a8dc2a87e2fd', 'anddroid/banner/20220325_b522e0d2339697f48193d67f54f375bc03198d64.jpeg', 'Profile', 'Coba Deskripsi', '{\"id\":\"1\",\"coba\":\"32\",\"1\":\"0\"}', 1), ('94ca4e92-acd9-11ec-bddd-f45c8997f09f', '7fa6a25f-6a05-35a7-bbca-b6687512bed9', 'f332229b-0edc-3b86-b8de-a8dc2a87e2fd', 'anddroid/banner/20220325_b522e0d2339697f48193d67f54f375bc03198d64.jpeg', 'Profile', 'Coba Deskripsi', '{\"id\":\"1\",\"coba\":\"32\",\"1\":\"0\"}', 1), ('94ca4eb0-acd9-11ec-bddd-f45c8997f09f', '7fa6a25f-6a05-35a7-bbca-b6687512bed9', 'f332229b-0edc-3b86-b8de-a8dc2a87e2fd', 'anddroid/banner/20220325_b522e0d2339697f48193d67f54f375bc03198d64.jpeg', 'Profile', 'Coba Deskripsi', '{\"id\":\"1\",\"coba\":\"32\",\"1\":\"0\"}', 1), ('94ca4ece-acd9-11ec-bddd-f45c8997f09f', '7fa6a25f-6a05-35a7-bbca-b6687512bed9', 'f332229b-0edc-3b86-b8de-a8dc2a87e2fd', 'anddroid/banner/20220325_b522e0d2339697f48193d67f54f375bc03198d64.jpeg', 'Profile', 'Coba Deskripsi', '{\"id\":\"1\",\"coba\":\"32\",\"1\":\"0\"}', 1), ('94ca4eec-acd9-11ec-bddd-f45c8997f09f', '7fa6a25f-6a05-35a7-bbca-b6687512bed9', 'f332229b-0edc-3b86-b8de-a8dc2a87e2fd', 'anddroid/banner/20220325_b522e0d2339697f48193d67f54f375bc03198d64.jpeg', 'Profile', 'Coba Deskripsi', '{\"id\":\"1\",\"coba\":\"32\",\"1\":\"0\"}', 1), ('94ca4f0a-acd9-11ec-bddd-f45c8997f09f', '7fa6a25f-6a05-35a7-bbca-b6687512bed9', 'f332229b-0edc-3b86-b8de-a8dc2a87e2fd', 'anddroid/banner/20220325_b522e0d2339697f48193d67f54f375bc03198d64.jpeg', 'Profile', 'Coba Deskripsi', '{\"id\":\"1\",\"coba\":\"32\",\"1\":\"0\"}', 1), ('94ca4f28-acd9-11ec-bddd-f45c8997f09f', '7fa6a25f-6a05-35a7-bbca-b6687512bed9', 'f332229b-0edc-3b86-b8de-a8dc2a87e2fd', 'anddroid/banner/20220325_b522e0d2339697f48193d67f54f375bc03198d64.jpeg', 'Profile', 'Coba Deskripsi', '{\"id\":\"1\",\"coba\":\"32\",\"1\":\"0\"}', 1), ('94ca4f46-acd9-11ec-bddd-f45c8997f09f', '7fa6a25f-6a05-35a7-bbca-b6687512bed9', 'f332229b-0edc-3b86-b8de-a8dc2a87e2fd', 'anddroid/banner/20220325_b522e0d2339697f48193d67f54f375bc03198d64.jpeg', 'Profile', 'Coba Deskripsi', '{\"id\":\"1\",\"coba\":\"32\",\"1\":\"0\"}', 1), ('94ca4f64-acd9-11ec-bddd-f45c8997f09f', '7fa6a25f-6a05-35a7-bbca-b6687512bed9', 'f332229b-0edc-3b86-b8de-a8dc2a87e2fd', 'anddroid/banner/20220325_b522e0d2339697f48193d67f54f375bc03198d64.jpeg', 'Profile', 'Coba Deskripsi', '{\"id\":\"1\",\"coba\":\"32\",\"1\":\"0\"}', 1), ('94ca4f82-acd9-11ec-bddd-f45c8997f09f', '7fa6a25f-6a05-35a7-bbca-b6687512bed9', 'f332229b-0edc-3b86-b8de-a8dc2a87e2fd', 'anddroid/banner/20220325_b522e0d2339697f48193d67f54f375bc03198d64.jpeg', 'Profile', 'Coba Deskripsi', '{\"id\":\"1\",\"coba\":\"32\",\"1\":\"0\"}', 1), ('94ca4fa0-acd9-11ec-bddd-f45c8997f09f', '7fa6a25f-6a05-35a7-bbca-b6687512bed9', 'f332229b-0edc-3b86-b8de-a8dc2a87e2fd', 'anddroid/banner/20220325_b522e0d2339697f48193d67f54f375bc03198d64.jpeg', 'Profile', 'Coba Deskripsi', '{\"id\":\"1\",\"coba\":\"32\",\"1\":\"0\"}', 1), ('94ca4fbe-acd9-11ec-bddd-f45c8997f09f', '7fa6a25f-6a05-35a7-bbca-b6687512bed9', 'f332229b-0edc-3b86-b8de-a8dc2a87e2fd', 'anddroid/banner/20220325_b522e0d2339697f48193d67f54f375bc03198d64.jpeg', 'Profile', 'Coba Deskripsi', '{\"id\":\"1\",\"coba\":\"32\",\"1\":\"0\"}', 1), ('b336cc9c-3f09-38e4-9e79-e4feacfb2028', '7fa6a25f-6a05-35a7-bbca-b6687512bed9', 'f332229b-0edc-3b86-b8de-a8dc2a87e2fd', 'android/banner/875cfc3ba07ff851425618f6bb291cc8e6c28bab.png', 'Profile', 'Coba Deskripsi', '{\"id\":\"1\",\"coba\":\"32\",\"1\":\"0\"}', 1);

CREATE TABLE `android_banner_kategori` ( `id` varchar(36) NOT NULL, `nama_kategori` varchar(250) NOT NULL, `flag` int(11) NOT NULL DEFAULT '1', PRIMARY KEY (`id`) ) ENGINE = InnoDB DEFAULT CHARSET = utf8mb4;
INSERT INTO `android_banner_kategori` (`id`, `nama_kategori`, `flag`) VALUES ('7fa6a25f-6a05-35a7-bbca-b6687512bed9', 'Banner Atas', 1);

CREATE TABLE `android_menu` ( `id` int(11) NOT NULL AUTO_INCREMENT, `id_category` int(11) NOT NULL, `name` varchar(100) NOT NULL, `label` varchar(100) NOT NULL, `type` varchar(255) NOT NULL, `icon` varchar(150) NOT NULL, `need_login` int(11) NOT NULL DEFAULT '0', `navigation` varchar(100) NOT NULL, `order` int(11) NOT NULL DEFAULT '1', `params` longtext CHARACTER

SET utf8mb4 COLLATE utf8mb4_bin, `created_at` timestamp NULL DEFAULT NULL, PRIMARY KEY (`id`), KEY `id_kategori` (`id_category`), CONSTRAINT `android_menu_ibfk_1` FOREIGN KEY (`id_category`) REFERENCES `android_menu_kategori` (`id`) ) ENGINE = InnoDB DEFAULT CHARSET = utf8mb4;
INSERT INTO `android_menu` (`id`, `id_category`, `name`, `label`, `type`, `icon`, `need_login`, `navigation`, `order`, `params`, `created_at`) VALUES (1, 1, '-', '-', 'external_links', 'menu-icon/20220323_3f0a193be0a4b4e16683f3451534eb8440c0035d.jpeg', 0, 'app-modules-baa', 1, '{\"param1\":\"1\"}', '2022-03-15 18:34:28');

CREATE TABLE `android_menu_kategori` ( `id` int(11) NOT NULL AUTO_INCREMENT, `category_name` varchar(255) NOT NULL, `order` int(11) NOT NULL DEFAULT '1', `icon` varchar(255) DEFAULT NULL, `id_reference` int(11) DEFAULT NULL, `flag` tinyint(4) NOT NULL DEFAULT '1', PRIMARY KEY (`id`), KEY `FK_SELF_REFERENCE` (`id_reference`), CONSTRAINT `FK_SELF_REFERENCE` FOREIGN KEY (`id_reference`) REFERENCES `android_menu_kategori` (`id`) ) ENGINE = InnoDB DEFAULT CHARSET = utf8mb4;
INSERT INTO `android_menu_kategori` (`id`, `category_name`, `order`, `icon`, `id_reference`, `flag`) VALUES (1, 'Menu 2', 1, 'kategori-menu/20220323_664a69812634d5c02e2642f29280bef2f7e85f6a.jpeg', NULL, 1), (2, 'Menu3', 1, '', 1, 1);

CREATE TABLE `android_route` ( `id` varchar(36) NOT NULL, `nama_route` varchar(100) NOT NULL, `params` text, `keterangan` text, `butuh_login` int(11) NOT NULL DEFAULT '0', `flag` int(11) NOT NULL DEFAULT '1', PRIMARY KEY (`id`) ) ENGINE = InnoDB DEFAULT CHARSET = utf8mb4;
INSERT INTO `android_route` (`id`, `nama_route`, `params`, `keterangan`, `butuh_login`, `flag`) VALUES ('70f2e202-aa51-11ec-bddd-f45c8997f09f', 'app-dashboard', '', 'Halaman Utama Ketika Baru Saja Masuk Ke Aplikasi', 0, 1), ('b4f7d03d-c6a6-3184-b606-614500c631ed', 'app-auth-login', '', 'Halaman Login', 0, 1), ('dae69722-4ae6-3fb0-9afe-4a4b5139a618', 'app-auth-register', '', 'Halaman Registrasi', 0, 1), ('f332229b-0edc-3b86-b8de-a8dc2a87e2fd', 'app-auth-profile', 'id,coba,1', '-', 1, 1);

CREATE TABLE `blog_kategori` ( `id` int(11) NOT NULL, `nama_kategori` varchar(250) NOT NULL, `flag` int(11) NOT NULL DEFAULT '1', PRIMARY KEY (`id`) ) ENGINE = InnoDB DEFAULT CHARSET = utf8mb4;
INSERT INTO `blog_kategori` (`id`, `nama_kategori`, `flag`) VALUES (3, 'Fashion', 1), (465, 'Desain', 1);

CREATE TABLE `blog_post` ( `id` varchar(36) NOT NULL, `slug` varchar(150) NOT NULL, `image` varchar(150) NOT NULL, `title` varchar(250) NOT NULL, `tag` text NOT NULL, `kilasan` text NOT NULL, `content` longtext NOT NULL, `view_count` int(11) NOT NULL DEFAULT '0', `id_author` varchar(36) CHARACTER

SET latin1 NOT NULL, `created_at` datetime NOT NULL, `updated_at` datetime NOT NULL, `flag` int(11) NOT NULL DEFAULT '1', PRIMARY KEY (`id`), KEY `id_author` (`id_author`), CONSTRAINT `blog_post_ibfk_1` FOREIGN KEY (`id_author`) REFERENCES `user` (`id`) ) ENGINE = InnoDB DEFAULT CHARSET = utf8mb4;
INSERT INTO `blog_post` (`id`, `slug`, `image`, `title`, `tag`, `kilasan`, `content`, `view_count`, `id_author`, `created_at`, `updated_at`, `flag`) VALUES ('410d368f-b1b9-3325-a1e5-0f04f7a2964c', 'coba-coba-2', 'blog/post/thumbnail//960a0315a8cf883e0eb3b6a83310e6a5b16592e7.png', 'Coba Coba', 'asda', 'Lorem ipsum dolor sit amet, consectetur adipiscing elit, sed do eiusmod tempor incididunt ut labore et dolore magna aliqua. Non tellus orci ac auctor augue. Commodo odio aenean sed adipiscing diam...', '<p>Lorem ipsum dolor sit amet, consectetur adipiscing elit, sed do eiusmod tempor incididunt ut labore et dolore magna aliqua. Non tellus orci ac auctor augue. Commodo odio aenean sed adipiscing diam donec adipiscing tristique. Dolor sit amet consectetur adipiscing elit. Netus et malesuada fames ac turpis egestas sed. Nibh ipsum consequat nisl vel pretium. Quis risus sed vulputate odio ut enim. Risus viverra adipiscing at in tellus integer feugiat. Sapien et ligula ullamcorper malesuada proin libero nunc. Ultrices vitae auctor eu augue ut lectus arcu bibendum. Feugiat sed lectus vestibulum mattis ullamcorper velit sed ullamcorper.</p><p>Malesuada nunc vel risus commodo viverra maecenas. Aliquet porttitor lacus luctus accumsan tortor posuere ac. Maecenas ultricies mi eget mauris. A arcu cursus vitae congue mauris rhoncus aenean. Enim sit amet venenatis urna cursus. Vitae suscipit tellus mauris a. Consequat interdum varius sit amet mattis vulputate enim. Ultricies leo integer malesuada nunc vel. Nulla facilisi morbi tempus iaculis urna id volutpat lacus laoreet. Proin nibh nisl condimentum id. Libero volutpat sed cras ornare arcu dui vivamus arcu. Ut sem viverra aliquet eget sit amet tellus cras adipiscing. Ultrices eros in cursus turpis massa. Pellentesque eu tincidunt tortor aliquam nulla facilisi cras fermentum odio. Enim lobortis scelerisque fermentum dui faucibus in ornare quam viverra. Cursus mattis molestie a iaculis at. Nullam eget felis eget nunc lobortis.</p><p>Lorem ipsum dolor sit amet, consectetur adipiscing elit, sed do eiusmod tempor incididunt ut labore et dolore magna aliqua. Non tellus orci ac auctor augue. Commodo odio aenean sed adipiscing diam donec adipiscing tristique. Dolor sit amet consectetur adipiscing elit. Netus et malesuada fames ac turpis egestas sed. Nibh ipsum consequat nisl vel pretium. Quis risus sed vulputate odio ut enim. Risus viverra adipiscing at in tellus integer feugiat. Sapien et ligula ullamcorper malesuada proin libero nunc. Ultrices vitae auctor eu augue ut lectus arcu bibendum. Feugiat sed lectus vestibulum mattis ullamcorper velit sed ullamcorper.</p><p>Malesuada nunc vel risus commodo viverra maecenas. Aliquet porttitor lacus luctus accumsan tortor posuere ac. Maecenas ultricies mi eget mauris. A arcu cursus vitae congue mauris rhoncus aenean. Enim sit amet venenatis urna cursus. Vitae suscipit tellus mauris a. Consequat interdum varius sit amet mattis vulputate enim. Ultricies leo integer malesuada nunc vel. Nulla facilisi morbi tempus iaculis urna id volutpat lacus laoreet. Proin nibh nisl condimentum id. Libero volutpat sed cras ornare arcu dui vivamus arcu. Ut sem viverra aliquet eget sit amet tellus cras adipiscing. Ultrices eros in cursus turpis massa. Pellentesque eu tincidunt tortor aliquam nulla facilisi cras fermentum odio. Enim lobortis scelerisque fermentum dui faucibus in ornare quam viverra. Cursus mattis molestie a iaculis at. Nullam eget felis eget nunc lobortis.</p><p>Lorem ipsum dolor sit amet, consectetur adipiscing elit, sed do eiusmod tempor incididunt ut labore et dolore magna aliqua. Non tellus orci ac auctor augue. Commodo odio aenean sed adipiscing diam donec adipiscing tristique. Dolor sit amet consectetur adipiscing elit. Netus et malesuada fames ac turpis egestas sed. Nibh ipsum consequat nisl vel pretium. Quis risus sed vulputate odio ut enim. Risus viverra adipiscing at in tellus integer feugiat. Sapien et ligula ullamcorper malesuada proin libero nunc. Ultrices vitae auctor eu augue ut lectus arcu bibendum. Feugiat sed lectus vestibulum mattis ullamcorper velit sed ullamcorper.</p><p>Malesuada nunc vel risus commodo viverra maecenas. Aliquet porttitor lacus luctus accumsan tortor posuere ac. Maecenas ultricies mi eget mauris. A arcu cursus vitae congue mauris rhoncus aenean. Enim sit amet venenatis urna cursus. Vitae suscipit tellus mauris a. Consequat interdum varius sit amet mattis vulputate enim. Ultricies leo integer malesuada nunc vel. Nulla facilisi morbi tempus iaculis urna id volutpat lacus laoreet. Proin nibh nisl condimentum id. Libero volutpat sed cras ornare arcu dui vivamus arcu. Ut sem viverra aliquet eget sit amet tellus cras adipiscing. Ultrices eros in cursus turpis massa. Pellentesque eu tincidunt tortor aliquam nulla facilisi cras fermentum odio. Enim lobortis scelerisque fermentum dui faucibus in ornare quam viverra. Cursus mattis molestie a iaculis at. Nullam eget felis eget nunc lobortis.</p>', 0, '1', '2022-03-27 17:50:33', '2022-03-29 14:17:05', 1), ('8501d824-adc2-11ec-bddd-f45c8997f09f', 'coba-coba', 'blog/post/thumbnail/a8151b61aa876a5bd668ca6f7283c847bc6d7f61.png', 'Coba Coba', 'test,aja,2 kali', 'Lorem ipsum dolor sit amet, consectetur adipisicing elit, sed do eiusmod tempor incididunt ut labore et dolore magna aliqua. Ut enim ad minim veniam, quis nostrud exercitation ullamco laboris nisi ut...', '<p><span style=\"font-size: 10px;\"></span><img src=\"http://localhost:80/base_yii/web/uploads/blog/media/6242bf3593107.jpeg\" style=\"display: block; margin: auto; width: 484px; height: 350px;\" alt=\"\" width=\"484\" height=\"350\"></p><p>Lorem ipsum dolor sit amet, consectetur adipisicing elit, sed do eiusmod tempor incididunt ut labore et dolore magna aliqua. Ut enim ad minim veniam, quis nostrud exercitation ullamco laboris nisi ut aliquip ex ea commodo consequat. Duis aute irure dolor in reprehenderit in voluptate velit esse cillum dolore eu fugiat nulla pariatur. Excepteur sint occaecat cupidatat non proident, sunt in culpa qui officia deserunt mollit anim id est laborum.\r\n</p><iframe style=\"width: 500px; height: 281px;display:block;margin:auto\" src=\"//www.youtube.com/embed/IxyNSqqvPTk\" frameborder=\"0\" allowfullscreen=\"\"><span id=\"selection-marker-1\" class=\"redactor-selection-marker\"></span>\r\n</iframe><p>Lorem ipsum dolor sit amet, consectetur adipisicing elit, sed do eiusmod tempor incididunt ut labore et dolore magna aliqua. Ut enim ad minim veniam, quis nostrud exercitation ullamco laboris nisi ut aliquip ex ea commodo consequat. Duis aute irure dolor in reprehenderit in voluptate velit esse cillum dolore eu fugiat nulla pariatur. Excepteur sint occaecat cupidatat non proident, sunt in culpa qui officia deserunt mollit anim id est laborum.<span class=\"redactor-invisible-space\"><br></span>\r\n</p><p><span class=\"redactor-invisible-space\">Lorem ipsum dolor sit amet, consectetur adipisicing elit, sed do eiusmod tempor incididunt ut labore et dolore magna aliqua. Ut enim ad minim veniam, quis nostrud exercitation ullamco laboris nisi ut aliquip ex ea commodo consequat. Duis aute irure dolor in reprehenderit in voluptate velit esse cillum dolore eu fugiat nulla pariatur. Excepteur sint occaecat cupidatat non proident, sunt in culpa qui officia deserunt mollit anim id est laborum.<span class=\"redactor-invisible-space\"><br></span></span>\r\n</p><p><span class=\"redactor-invisible-space\"><span class=\"redactor-invisible-space\">Lorem ipsum dolor sit amet, consectetur adipisicing elit, sed do eiusmod tempor incididunt ut labore et dolore magna aliqua. Ut enim ad minim veniam, quis nostrud exercitation ullamco laboris nisi ut aliquip ex ea commodo consequat. Duis aute irure dolor in reprehenderit in voluptate velit esse cillum dolore eu fugiat nulla pariatur. Excepteur sint occaecat cupidatat non proident, sunt in culpa qui officia deserunt mollit anim id est laborum.<span class=\"redactor-invisible-space\"><br></span></span></span>\r\n</p><p><span class=\"redactor-invisible-space\"><span class=\"redactor-invisible-space\"><span class=\"redactor-invisible-space\">Lorem ipsum dolor sit amet, consectetur adipisicing elit, sed do eiusmod tempor incididunt ut labore et dolore magna aliqua. Ut enim ad minim veniam, quis nostrud exercitation ullamco laboris nisi ut aliquip ex ea commodo consequat. Duis aute irure dolor in reprehenderit in voluptate velit esse cillum dolore eu fugiat nulla pariatur. Excepteur sint occaecat cupidatat non proident, sunt in culpa qui officia deserunt mollit anim id est laborum.<span class=\"redactor-invisible-space\"><br></span></span></span></span>\r\n</p>', 0, '1', '2022-03-27 17:31:59', '2022-03-29 15:12:50', 1), ('a25bdfe1-f3e0-3301-ba4b-a40522065dc4', 'peluncuran-website-homei-oleh-korina', 'blog/post/thumbnail/716c0e350e798d7347817743da36482ff61c84ad.png', 'Peluncuran Website HOMEi oleh Korina', 'software,it,teknologi', 'Suara.com - Badan Informasi Geospasial (BIG) meluncurkan situs terbaru BIG dan situs Jaringan Dokumentasi dan Informasi Hukum (JDIH).\r\nSekretaris Utama BIG, Muhtadi Ganda Sutrisna mengatakan...', '<p>Suara.com - <a href=\"https://www.suara.com/tag/badan-informasi-geospasial\">Badan Informasi Geospasial</a> (BIG) meluncurkan situs terbaru BIG dan situs <a href=\"https://www.suara.com/tag/jaringan-dokumentasi-dan-informasi-hukum\">Jaringan Dokumentasi dan Informasi Hukum</a> (JDIH).\r\n</p><p>Sekretaris Utama BIG, Muhtadi Ganda Sutrisna mengatakan <a href=\"https://www.suara.com/tag/peluncuran-situs\">peluncuran situs</a> terbaru BIG dan JDIH merupakan wujud keseriusan BIG dalam upaya meningkatkan pelayaan informasi publik.\r\n</p><center></center><p>\"Situs utama BIG dapat diakses di alamat www.big.go.id. Sementara JDIH BIG dapat diakses lewat alamat www.jdih.big.go.id. Pembaruan keduanya merupakan bukti keseriusan BIG dalam meningkatkan mutu pelayanan informasi publik dalam penyelenggaraan informasi geospasial,\" kata Muhtadi saat peluncuran  laman BIG dan JDIH di Cibinong, Bogor, Jawa Barat, Jumat (30/11/2018).\r\n</p><p>Menurutnya, era revolusi industri 4.0, situs suatu lembaga pemerintahan menjadi wajah institusi di dunia maya. Untuk itu, kata Muhtadi desain situs harus dibuat semenarik mungkin agar bisa mengikuti perkembangan di bidang teknologi informasi.\r\n</p><p>Dalam hal ini, kata dia, BIG telah menyelesaikan desain terbaru dari situs utama dan JDIH. Hal ini sebagai bagian dari layanan informasi publik, wadah informasi BIG di dunia maya tersebut mesti diketahui oleh stakeholder dan masyarakat luas.<br></p><p>Selanjutnya, Muhtadi memaparkan salah satu upaya dalam meningkatkan kualitas pelayanan informasi kepada publik. Dalam situs website BIG kini telah menyediakan kolom pengajuan kunjungan. Hal itu guna memudahkan bagi setiap sekolah, universitas, instansi, maupun pihak swasta yang ingin mengenal lebih jauh wajah Indonesia lewat pemetaan yang BIG kerjakan.\r\n</p><p>\"Selain itu, terdapat ikon Government Public Relation (GPR) sebagai bentuk dukungan BIG terhadap berbagai kegiatan kehumasan yang dilaksanakan pemerintah,\" tambahnya.\r\n</p><p>Sebagai bagian dari kesatuan jaringan situs BIG dan JDIH turut menyediakan seluruh dokumentasi dan informasi mengenai peraturan perundang-undangan mengenai informasi geospasial hingga keputusan pimpinan BIG. Selain itu, juga telah dilakukan pengintegrasian JDIH dengab jaringan dikumantasi dan informasi hujum nasional.\r\n</p><p>\"Sehingga akan semakin memudahkan masyarakat untuk mengakses dokumentasi dan informasi hukum BIG,\" pungkasnya.\r\n</p>', 0, '1', '2022-03-30 11:39:55', '2022-03-30 11:39:55', 1);

CREATE TABLE `blog_post_kategori` ( `id` varchar(36) NOT NULL, `id_post` varchar(36) NOT NULL, `id_kategori` int(11) NOT NULL, PRIMARY KEY (`id`), KEY `id_post` (`id_post`), KEY `id_kategori` (`id_kategori`), CONSTRAINT `blog_post_kategori_ibfk_1` FOREIGN KEY (`id_post`) REFERENCES `blog_post` (`id`), CONSTRAINT `blog_post_kategori_ibfk_2` FOREIGN KEY (`id_kategori`) REFERENCES `blog_kategori` (`id`) ) ENGINE = InnoDB DEFAULT CHARSET = utf8mb4;
INSERT INTO `blog_post_kategori` (`id`, `id_post`, `id_kategori`) VALUES ('0a121547-6cca-3002-86ee-49c89f49bef8', '410d368f-b1b9-3325-a1e5-0f04f7a2964c', 465), ('11a085d6-7a33-32ee-971c-dadfc40817a4', '410d368f-b1b9-3325-a1e5-0f04f7a2964c', 3), ('546ff660-98de-31da-b5b5-35d5ca23df93', 'a25bdfe1-f3e0-3301-ba4b-a40522065dc4', 465), ('d88323d8-2605-3c18-8c5c-c4a499ccd398', '8501d824-adc2-11ec-bddd-f45c8997f09f', 3);

CREATE TABLE `menu` ( `id` int(11) NOT NULL AUTO_INCREMENT, `name` varchar(50) NOT NULL, `controller` varchar(50) NOT NULL, `module` varchar(150) NOT NULL, `action` varchar(50) NOT NULL DEFAULT 'index', `icon` varchar(50) NOT NULL, `order` int(11) NOT NULL DEFAULT '1', `parent_id` int(11) DEFAULT NULL, `except` text, PRIMARY KEY (`id`), KEY `parent_id` (`parent_id`), KEY `controller` (`controller`), KEY `action` (`action`), CONSTRAINT `menu_ibfk_1` FOREIGN KEY (`parent_id`) REFERENCES `menu` (`id`) ) ENGINE = InnoDB DEFAULT CHARSET = latin1;
INSERT INTO `menu` (`id`, `name`, `controller`, `module`, `action`, `icon`, `order`, `parent_id`, `except`) VALUES (1, 'Home', 'site', '', 'index', 'fa fa-home', 1, NULL, 'login,error,logout,captcha'), (2, 'Master', '#', '', 'index', 'fa fa-database', 2, NULL, ''), (3, 'Menu', 'menu', '', 'index', 'fa fa-sitemap', 3, 2, 'index'), (4, 'Role', 'role', '', 'index', 'fa fa-key', 4, 2, ''), (5, 'User', 'user', '', 'index', 'fa fa-user', 5, 2, ''), (6, 'Configuration', 'web-config', 'websetting', 'index', 'fa fa-gear', 19, 8, ''), (7, 'Config Group', 'web-config-group', 'websetting', 'index', 'fa fa-object-group', 20, 8, ''), (8, 'Manage Web', '#', 'websetting', 'index', 'fa fa-gears', 18, NULL, ''), (9, 'Translation', 'message', 'translation', 'index', 'fa fa-flag-checkered', 6, 2, ''), (10, 'Access Log', 'log', 'accesslog', 'index', 'fa fa-sticky-note', 7, 2, ''), (11, 'Notification', 'notification', 'notification', 'index', 'fa fa-bell', 8, 2, ''), (12, 'Android', '#', 'android', 'index', 'fa fa-android', 9, NULL, ''), (13, 'Kategori Menu', 'android-menu-kategori', 'android', 'index', 'fa fa-database', 13, 12, ''), (14, 'Menu', 'android-menu', 'android', 'index', 'fa fa-database', 14, 12, ''), (15, 'Routes', 'android-route', 'android', 'index', 'fa fa-road', 10, 12, ''), (16, 'Kategori Banner', 'android-banner-kategori', 'android', 'index', 'fa fa-database', 12, 12, ''), (17, 'Banner', 'android-banner', 'android', 'index', 'fa fa-image', 11, 12, ''), (18, 'Blog', '#', 'blog', 'index', 'fa fa-newspaper-o', 15, NULL, ''), (19, 'Kategori', 'kategori', 'blog', 'index', 'fa fa-database', 16, 18, ''), (20, 'Post', 'post', 'blog', 'index', 'fa fa-file-o', 17, 18, '');

CREATE TABLE `notification` ( `id` varchar(36) NOT NULL, `user_id` varchar(36) CHARACTER

SET latin1 NOT NULL, `title` varchar(100) NOT NULL, `description` text NOT NULL, `controller` varchar(150) NOT NULL, `android_route` varchar(150) DEFAULT NULL, `params` text, `read` int(11) NOT NULL DEFAULT '0', `created_at` datetime DEFAULT NULL, KEY `user_id` (`user_id`), CONSTRAINT `notification_ibfk_1` FOREIGN KEY (`user_id`) REFERENCES `user` (`id`) ) ENGINE = InnoDB DEFAULT CHARSET = utf8mb4;

CREATE TABLE `role` ( `id` int(11) NOT NULL AUTO_INCREMENT, `name` varchar(50) NOT NULL, PRIMARY KEY (`id`), KEY `name` (`name`) ) ENGINE = InnoDB DEFAULT CHARSET = latin1;
INSERT INTO `role` (`id`, `name`) VALUES (2, 'Administrator'), (4, 'Developer'), (3, 'Regular User'), (1, 'Super Administrator');

DROP TABLE IF EXISTS `user`;
CREATE TABLE `user` ( `id` varchar(36) NOT NULL, `username` varchar(50) NOT NULL, `password` varchar(150) NOT NULL, `name` varchar(50) NOT NULL, `role_id` int(11) NOT NULL, `secret_token` varchar(200) DEFAULT NULL, `fcm_token` varchar(200) DEFAULT NULL, `photo_url` varchar(255) DEFAULT NULL, `last_login` datetime DEFAULT NULL, `last_logout` datetime DEFAULT NULL, `flag` int(1) NOT NULL DEFAULT 1, PRIMARY KEY (`id`), UNIQUE KEY `username` (`username`), KEY `role_id` (`role_id`), CONSTRAINT `user_ibfk_1` FOREIGN KEY (`role_id`) REFERENCES `role` (`id`) ) ENGINE = InnoDB DEFAULT CHARSET = latin1;
INSERT INTO `user` (`id`, `username`, `password`, `name`, `role_id`, `secret_token`, `fcm_token`, `photo_url`, `last_login`, `last_logout`, `flag`) VALUES (1, 'admin', '$2y$13$rB7tYN2vtjx4c918aMzxee/hBWRlvy0DihkgFExcGCQIlLj9DnXuW', 'Administrator', 1, NULL, NULL, 'ID6jM8Az7Yh_R6LR44Ezh02VECKTQ_Ya.png', '2015-12-16 22:35:47', '2015-12-16 22:35:47', 1), (2, 'user', '$2y$13$MDX1w2jKvEMoQqBwln25l.9G0yFY5YGjcMX32fnd3PSUX5xofsDoO', 'Regular User', 3, NULL, NULL, 'default.png', NULL, NULL, 1);

CREATE TABLE `role_action` ( `id` int(11) NOT NULL AUTO_INCREMENT, `role_id` int(11) NOT NULL, `action_id` int(11) NOT NULL, PRIMARY KEY (`id`), KEY `role_id` (`role_id`), KEY `action_id` (`action_id`), CONSTRAINT `role_action_ibfk_1` FOREIGN KEY (`role_id`) REFERENCES `role` (`id`), CONSTRAINT `role_action_ibfk_2` FOREIGN KEY (`action_id`) REFERENCES `action` (`id`) ) ENGINE = InnoDB DEFAULT CHARSET = latin1;
INSERT INTO `role_action` (`id`, `role_id`, `action_id`) VALUES (98, 3, 12), (99, 3, 13), (100, 3, 14), (101, 3, 15), (102, 3, 16), (103, 3, 17), (104, 3, 18), (105, 3, 19), (106, 3, 20), (107, 3, 21), (108, 3, 22), (109, 3, 23), (110, 3, 24), (111, 3, 25), (112, 3, 26), (113, 3, 27), (114, 3, 28), (115, 3, 29), (116, 3, 30), (117, 3, 31), (118, 3, 32), (119, 3, 33), (980, 1, 12), (981, 1, 13), (982, 1, 34), (983, 1, 14), (984, 1, 15), (985, 1, 16), (986, 1, 17), (987, 1, 18), (988, 1, 19), (989, 1, 20), (990, 1, 21), (991, 1, 22), (992, 1, 35), (993, 1, 23), (994, 1, 24), (995, 1, 25), (996, 1, 26), (997, 1, 27), (998, 1, 28), (999, 1, 29), (1000, 1, 30), (1001, 1, 31), (1002, 1, 32), (1003, 1, 33), (1004, 1, 49), (1005, 1, 50), (1006, 1, 51), (1007, 1, 52), (1008, 1, 53), (1009, 1, 44), (1010, 1, 48), (1011, 1, 45), (1012, 1, 46), (1013, 1, 47), (1014, 1, 54), (1015, 1, 55), (1016, 1, 56), (1017, 1, 57), (1018, 1, 58), (1019, 1, 59), (1020, 1, 60), (1021, 1, 61), (1022, 1, 62), (1023, 1, 63), (1024, 1, 64), (1025, 1, 65), (1026, 1, 66), (1027, 1, 67), (1028, 1, 68), (1029, 1, 69), (1030, 1, 71), (1031, 1, 72), (1032, 1, 73), (1033, 1, 74), (1034, 1, 75), (1035, 1, 76), (1036, 1, 77), (1037, 1, 78), (1038, 1, 79), (1039, 1, 80), (1040, 1, 81), (1041, 1, 82), (1042, 1, 83), (1043, 1, 84), (1044, 1, 85), (1045, 1, 86), (1046, 1, 87), (1047, 1, 88), (1048, 1, 94), (1049, 1, 89), (1050, 1, 90), (1051, 1, 91), (1052, 1, 92), (1053, 1, 93), (1054, 1, 105), (1055, 1, 95), (1056, 1, 96), (1057, 1, 97), (1058, 1, 98), (1059, 1, 99), (1060, 1, 100), (1061, 1, 101), (1062, 1, 102), (1063, 1, 103), (1064, 1, 104), (1119, 2, 12), (1120, 2, 13), (1121, 2, 14), (1122, 2, 15), (1123, 2, 16), (1124, 2, 17), (1125, 2, 18), (1126, 2, 19), (1127, 2, 20), (1128, 2, 21), (1129, 2, 22), (1130, 2, 23), (1131, 2, 24), (1132, 2, 25), (1133, 2, 26), (1134, 2, 27), (1135, 2, 28), (1136, 2, 29), (1137, 2, 30), (1138, 2, 31), (1139, 2, 32), (1140, 2, 33), (1141, 2, 49), (1142, 2, 50), (1143, 2, 51), (1144, 2, 52), (1145, 2, 53), (1146, 2, 44), (1147, 2, 48), (1148, 2, 45), (1149, 2, 46), (1150, 2, 47);

CREATE TABLE `role_menu` ( `id` int(11) NOT NULL AUTO_INCREMENT, `role_id` int(11) NOT NULL, `menu_id` int(11) NOT NULL, PRIMARY KEY (`id`), KEY `role_id` (`role_id`), KEY `menu_id` (`menu_id`), CONSTRAINT `role_menu_ibfk_1` FOREIGN KEY (`role_id`) REFERENCES `role` (`id`), CONSTRAINT `role_menu_ibfk_2` FOREIGN KEY (`menu_id`) REFERENCES `menu` (`id`) ) ENGINE = InnoDB DEFAULT CHARSET = latin1;
INSERT INTO `role_menu` (`id`, `role_id`, `menu_id`) VALUES (71, 3, 1), (72, 3, 2), (73, 3, 3), (74, 3, 4), (75, 3, 5), (282, 1, 1), (283, 1, 2), (284, 1, 3), (285, 1, 4), (286, 1, 5), (287, 1, 8), (288, 1, 6), (289, 1, 7), (290, 1, 9), (291, 1, 10), (292, 1, 11), (293, 1, 12), (294, 1, 13), (295, 1, 14), (296, 1, 15), (297, 1, 16), (298, 1, 17), (299, 1, 18), (300, 1, 19), (301, 1, 20), (315, 2, 1), (316, 2, 2), (317, 2, 3), (318, 2, 4), (319, 2, 5), (320, 2, 8), (321, 2, 6), (322, 2, 7);

CREATE TABLE `user_profile` ( `id` varchar(36) CHARACTER

SET latin1 NOT NULL, `name` varchar(255) NOT NULL, `email` varchar(255) NOT NULL, `phone` varchar(30) NOT NULL, KEY `id` (`id`), CONSTRAINT `user_profile_ibfk_1` FOREIGN KEY (`id`) REFERENCES `user` (`id`) ) ENGINE = InnoDB DEFAULT CHARSET = utf8mb4;

CREATE TABLE `web_config` ( `id` int(11) NOT NULL AUTO_INCREMENT, `group_id` int(11) DEFAULT NULL, `name` varchar(200) NOT NULL, `value` text, `default` text, `active` tinyint(4) NOT NULL DEFAULT '1', PRIMARY KEY (`id`), KEY `group_id` (`group_id`), CONSTRAINT `web_config_ibfk_1` FOREIGN KEY (`group_id`) REFERENCES `web_config_group` (`id`) ) ENGINE = InnoDB DEFAULT CHARSET = latin1;
INSERT INTO `web_config` (`id`, `group_id`, `name`, `value`, `default`, `active`) VALUES (1, 1, 'email', 'noreply@basicapp.id', 'noreply@basicapp.id', 1), (2, 1, 'host', 'basicapp.id', 'basicapp.id', 1), (3, 1, 'password', 'basicapp', 'basicapp', 1), (4, NULL, 'baseUrl', '', '/basicapp', 1), (6, 3, 'name', 'Basic APP', 'Basic APP', 1), (7, 3, 'logo', 'http://localhost/base_yii/uploads/logo.png', 'http://localhost/lelang/uploads/logo.png', 1), (8, 3, 'copyright', 'Basic App', 'Basic App', 1), (9, 2, 'prefix', 'BASICAPP', 'BASICAPP', 1), (10, 2, 'suffix', 'APP', 'APP', 1), (11, 2, 'expired_in', '432000', '432000', 1), (12, 3, 'defaultImage', '', 'http://localhost', 1), (13, 3, 'fcm_key', 'AAAAgnLEhBo:APA91bFV46fSnwGfMORYv-KD8edJIfbhc-tjZThxcKa5ZtnBvSotvKWhnumyh-3F4hk1fd4gfhxLePLabjObpGZIYry08zZJtXlyn3lwnQ1d8k8r9vp1JUWgAxwurUCJnwT6riJSBYOu', '', 1), (14, NULL, 'without_schema', '0', '0', 1), (15, 4, 'primary', '#ea62cc', '#312A7C', 1), (16, 4, 'warning', '#f7bd59', '#EB9300', 1), (17, 4, 'danger', '#f88282', '#DD2323', 1), (18, 4, 'success', '#7cb573', '#3CD026', 1), (19, 4, 'default', '#858585', '#858585', 1), (20, 4, 'primary-dark', '#8a0f79', '#221d57', 1), (21, 4, 'secondary', '#e6c694', '#E99409', 1), (23, 4, 'info', '#7dabe8', '#006eff', 1), (24, NULL, 'special_module', 'notification,access_log,translation', 'notification,access_log,translation', 1);

CREATE TABLE `web_config_group` ( `id` int(11) NOT NULL AUTO_INCREMENT, `name` varchar(200) NOT NULL, PRIMARY KEY (`id`) ) ENGINE = InnoDB DEFAULT CHARSET = latin1;
INSERT INTO `web_config_group` (`id`, `name`) VALUES (1, 'adminEmail'), (2, 'api_token'), (3, 'app'), (4, 'color_schema');
-- 2022-07-04 12:37:43